PRODUCT_NAME,PRODUCT_URL
Puma Unisex-Adult Smashic Casual Shoe,https://m.media-amazon.com/images/I/51MiYR1te6L._SY695_.jpg
NIKE Womens W Revolution 7 Running Shoe,https://m.media-amazon.com/images/I/71cy1dbMh5L._SX695_.jpg
Sparx Men's Sc0162g Sneakers,https://m.media-amazon.com/images/I/71xWtLhH2GL._SX695_.jpg
Puma Womens Kendall WNS Running Shoe,https://m.media-amazon.com/images/I/61C+Y9zoAQL._SY695_.jpg
Nivia Men's Combat 2.0 Basketball Shoes,https://m.media-amazon.com/images/I/71YG7EClYfL._SX679_.jpg
adidas Mens Amalgo M Running Shoe,https://m.media-amazon.com/images/I/81ATe15IyHL._SX695_.jpg
Red Tape Casual Sneaker Shoes for Men,https://m.media-amazon.com/images/I/61OBcY37KXL._SY695_.jpg
Bata Mens MaxUniform Dress Shoe,https://m.media-amazon.com/images/I/710+f7XX2FL._SY695_.jpg
SPARX Mens Sx0675g Walking Shoe,https://m.media-amazon.com/images/I/71u2XOFXAIL._SX695_.jpg
Campus Stack Sneakers for Men,https://m.media-amazon.com/images/I/61U0BBQYhrL._SY695_.jpg
ADIDAS Mens Regular Fit M Sereno Bos T2 Jerseys,https://m.media-amazon.com/images/I/71IQc8cAIQL._SX569_.jpg
adidas Men's Regular Fit M D2M Polo,https://m.media-amazon.com/images/I/71fKZrHSO9L._SX569_.jpg
Puma Men's Solid Regular Fit T-Shirt,https://m.media-amazon.com/images/I/71FAiQfnqSL._SX569_.jpg
Puma Men's Regular fit T-Shirt,https://m.media-amazon.com/images/I/61z4pzDQROL._SX569_.jpg
Puma Men's T-Shirt,https://m.media-amazon.com/images/I/71N-eWQzzjL._SX569_.jpg
Reebok Men's Regular Fit T-Shirt,https://m.media-amazon.com/images/I/51-FneXbwrL._SY741_.jpg
Dennis Lingo Men's Cotton Buffalo Check Slim Fit Casual Shirt with Pocket,https://m.media-amazon.com/images/I/51oqHcH9mcL._SY741_.jpg
Thomas Scott Men's Smart Slim Fit Band Collar Pure Cotton Denim Casual Overdyed Shirt,https://m.media-amazon.com/images/I/61a9DdTG-sL._SY741_.jpg
Lymio Men T-Shirt,https://m.media-amazon.com/images/I/71x4rLhMkML._SY741_.jpg
GRECIILOOKS Track Pant for Men,https://m.media-amazon.com/images/I/51rgGjt-lnL._SY741_.jpg
U.S. Polo Assn. Men Signature Logo Pure Cotton,https://m.media-amazon.com/images/I/61fRzTKtwAL._SX569_.jpg
VIMAL JONNEY Men's Slim Track Pants,https://m.media-amazon.com/images/I/71aNV7oOkmL._SX679_.jpg
Fossil Decker Brown Watch,https://m.media-amazon.com/images/I/81DEF+TfCTL._SX679_.jpg
Fastrack Casual Analog White Dial Men's Watch,https://m.media-amazon.com/images/I/51Z3J7uzNfL._SX679_.jpg
Sonata Men Leather Analog White Dial Watch,https://m.media-amazon.com/images/I/71QvcBxXXxL._SY741_.jpg
Casio Men Stainless Steel Analog Black Dial Watch,https://m.media-amazon.com/images/I/61hpIjX15vL._SX679_.jpg
Titan Analog Silver Dial Gold Band Men's Stainless Steel Watch,https://m.media-amazon.com/images/I/81lfqanrciL._SY741_.jpg
Fire-Boltt Ninja Call Pro Plus 1.83" Smart Watch with Bluetooth Calling,https://m.media-amazon.com/images/I/61AHiYyu3ZL._SX679_.jpg
Milton Prudent 1100 Thermosteel 24 Hours Hot and Cold Water Bottle,https://m.media-amazon.com/images/I/71TLCsrjEnL._SX679_.jpg
MILTON Aqua 500 Stainless Steel Water Bottle 500-ml Light-Pink,https://m.media-amazon.com/images/I/51AOvn+e1QL._SX679_.jpg
Redmi-12,https://m.media-amazon.com/images/I/41GsqdiCvOL._SX300_SY300_QL70_FMwebp_.jpg
Redmi-A3,https://m.media-amazon.com/images/I/41m6R2is38L._SX300_SY300_QL70_FMwebp_.jpg
Apple Iphone-14,https://m.media-amazon.com/images/I/51Sn5X2gfaL._SX679_.jpg
Apple Iphone 15-pro Max,https://m.media-amazon.com/images/I/61Jrsu9d3-L._SX679_.jpg
Iphone Case-cover,https://m.media-amazon.com/images/I/51pPPth9kyL._SX679_.jpg
One Plus Nord3,https://m.media-amazon.com/images/I/51opW+tODpL._SY741_.jpg
One Plus CE4,https://m.media-amazon.com/images/I/51jCor3c-EL._SX679_.jpg
One plus CE3,https://m.media-amazon.com/images/I/510YZx4v3wL._SX679_.jpg
Samsung galaxy,https://m.media-amazon.com/images/I/71td5npKu6L._SY741_.jpg
Samsung S24,https://m.media-amazon.com/images/I/81vxWpPpgNL._SX679_.jpg
HP Laptop 15s,https://m.media-amazon.com/images/I/71oQh8WFlyL._SX679_.jpg
HP Laptop 15,https://m.media-amazon.com/images/I/61Cs3B5GHhL._SX679_.jpg
Apple 2022 MacBook Air Laptop,https://m.media-amazon.com/images/I/61P2ia5kurL._SX679_.jpg
DELL Latitude 5490 Core i5 8th Gen Laptop,https://m.media-amazon.com/images/I/418cc1MvF1L._SX679_.jpg
Dell 14 Thin & Light Laptop,https://m.media-amazon.com/images/I/71Eu1-dfTmL._SX679_.jpg
ASUS VivoBook 15 (2021) Thin and Light Laptop,https://m.media-amazon.com/images/I/71lYhcc++AL._SX679_.jpg
Lenovo ThinkPad E14 Intel Core i5 12th Gen 14" FHD Thin and Light Laptop,https://m.media-amazon.com/images/I/617Af4lsBNL._SX679_.jpg
Lenovo ThinkPad E14 Intel Core i3 12th Gen 14" FHD Thin and Light Laptop,https://m.media-amazon.com/images/I/518BYF8LHRL._SY450_.jpg
ASUS Vivobook Pro 15 AMD Ryzen 7,https://m.media-amazon.com/images/I/61eTPcEsC+L._SX679_.jpg
Lenovo Yoga Slim 7 Pro Intel Evo Core i5-11320H,https://m.media-amazon.com/images/I/51qPrXE56-L._SX679_.jpg
LG 164 cm (65 inches) 4K Ultra HD Smart LED TV,https://m.media-amazon.com/images/I/8195aYGDl9L._SX450_.jpg
Samsung 108 cm (43 inches) D Series Crystal 4K Vivid Pro Ultra HD Smart LED TV,https://m.media-amazon.com/images/I/81aKi8uAUsL._SX450_.jpg
Samsung 80 cm (32 inches) HD Ready Smart LED,https://m.media-amazon.com/images/I/71S8iUPW9bL._SX450_.jpg
MI 108 cm (43 inches) A Series Full HD Smart Google TV L43M8-5AIN,https://m.media-amazon.com/images/I/71UXTb93oZL._SX450_.jpg
Samsung 108 cm (43 inches) Full HD Smart LED TV,https://m.media-amazon.com/images/I/91mRUNnqqnL._SX569_.jpg
Acer 100 cm (40 inches) Advanced I Series Full HD Smart LED Google TV ,https://m.media-amazon.com/images/I/5126gXnEjFL._SX450_.jpg
Sony Bravia 108 cm (43 inches) 4K Ultra HD Smart LED Google TV,https://m.media-amazon.com/images/I/715-IBd7vlL._SX450_.jpg
Sony Bravia 164 cm (65 inches) 4K Ultra HD Smart LED Google TV KD,https://m.media-amazon.com/images/I/81MRU+3RJLL._SX450_.jpg
Sony 139 cm (55 inches) BRAVIA 2 4K Ultra HD Smart LED Google TV ,https://m.media-amazon.com/images/I/819lC-tC8iL._SX450_.jpg
Sony Bravia 80 cm (32 inches) HD Ready Smart LED Google TV,https://m.media-amazon.com/images/I/71EcYIKenVL._SX450_.jpg
Table-fan,https://m.media-amazon.com/images/I/41Kip-FEYqL._SX300_SY300_QL70_FMwebp_.jpg
Table-fan,https://m.media-amazon.com/images/I/41KTAWkVw0L._SX300_SY300_QL70_FMwebp_.jpg
Table-fan,https://m.media-amazon.com/images/I/51OX1XmYqkL._SX300_SY300_QL70_FMwebp_.jpg
Table-fan,https://m.media-amazon.com/images/I/51J+evZr9BL._SY300_SX300_.jpg
Table-fan,https://m.media-amazon.com/images/I/514iOf-KsjL._SX300_SY300_QL70_FMwebp_.jpg
Table-fan,https://m.media-amazon.com/images/I/31xtOXdSfDL._SX300_SY300_QL70_FMwebp_.jpg
Headset,https://m.media-amazon.com/images/I/21Vf6jjGhzL._SY300_SX300_QL70_FMwebp_.jpg
Headset sony,https://m.media-amazon.com/images/I/31JulV2yBjL._SX300_SY300_QL70_FMwebp_.jpg
Headset,https://m.media-amazon.com/images/I/31Vu9iEHP0L._SX300_SY300_QL70_FMwebp_.jpg
Headset,https://m.media-amazon.com/images/I/41tQv0l93fL._SX300_SY300_QL70_FMwebp_.jpg
Headset,https://m.media-amazon.com/images/I/31Cdv0HYmhL._SX300_SY300_QL70_FMwebp_.jpg
bag,https://m.media-amazon.com/images/I/81sqK9prgxL._SX679_.jpg
bag,https://m.media-amazon.com/images/I/81rDE6gGxnL._SX679_.jpg
bag,https://m.media-amazon.com/images/I/41n6ogMtiJL._SY300_SX300_.jpg
bag,https://m.media-amazon.com/images/I/71mPcZGHf0L._SX679_.jpg
bag,https://m.media-amazon.com/images/I/71XqKCamGaL._SX679_.jpg
bag,https://m.media-amazon.com/images/I/41C1yDe7HBL._SY300_SX300_.jpg
sunglasses,https://m.media-amazon.com/images/I/41Dr9I4x1EL._SX679_.jpg
sunglasses,https://m.media-amazon.com/images/I/41KML+1HubL._SX679_.jpg
sunglasses,https://m.media-amazon.com/images/I/61KJOOWurYL._SX679_.jpg
sunglasses,https://m.media-amazon.com/images/I/41n2H-mOJ+L._SX679_.jpg
sunglasses,https://m.media-amazon.com/images/I/61W2YfMxdpL._SX679_.jpg
sunglasses,https://m.media-amazon.com/images/I/61AQ3g2wc6L._SX679_.jpg
sunglasses,https://m.media-amazon.com/images/I/51fNP30HB0L._SX679_.jpg
tshirt,https://m.media-amazon.com/images/I/71SAYrGnadL._SY741_.jpg
tshirt,https://th.bing.com/th/id/OIP.YNlEKwqonnUnW-yKqgYDFAHaJC?rs=1&pid=ImgDetMain
tshirt,https://th.bing.com/th/id/OIP.5su7XRkoZt9RFBXihQUAqgAAAA?rs=1&pid=ImgDetMain
tshirt,https://99designs-blog.imgix.net/blog/wp-content/uploads/2016/12/attachment_89561603-e1513587105243.jpg?auto=format&q=60&fit=max&w=930
tshirt,https://i5.walmartimages.com/asr/983733a4-f6d1-4874-9706-e41f7d44b57c.b69e437c9e9acd825c58294fa325bf30.jpeg
tshirt,https://d1csarkz8obe9u.cloudfront.net/posterpreviews/black-shirt-design-template-9711886ffaea1bd17443ac887fe511ee_screen.jpg?ts=1695810688
tshirt,https://th.bing.com/th/id/OIP.6BvcPmzaO-mVgosyoAZgPAHaHa?w=1562&h=1562&rs=1&pid=ImgDetMain









"Sahara Sailor Water Bottles, 32oz Motivational Sports Water Bottle with Time Marker",https://m.media-amazon.com/images/I/615wnuU9ZqL._AC_UL480_FMwebp_QL65_.jpg
"Insulated Water Bottle 64 oz, Triple Wall Vacuum Stainless Steel (Cold for 48 Hrs)",https://m.media-amazon.com/images/I/71vE0KfTNQL._AC_UL480_FMwebp_QL65_.jpg
"HYDRO CELL Stainless Steel Insulated Water Bottle with Straw",https://m.media-amazon.com/images/I/71ua0aLCE2L._AC_UL480_FMwebp_QL65_.jpg
"50 Strong Bulk Water Bottles | 24 Pack Sports Bottle",https://m.media-amazon.com/images/I/71VMAGCc7OL._AC_UL960_FMwebp_QL65_.jpg
"AQUAFIT 1 Gallon Water Bottle With Time Marker - Straw & Chug Lid",https://m.media-amazon.com/images/I/81mLuArYaqL._AC_UL480_FMwebp_QL65_.jpg
"Under Armour Playmaker Sport Jug, Water Bottle with Handle, Foam Insulated & Leak Resistant",https://m.media-amazon.com/images/I/61PQRMZMhWL._AC_UL480_FMwebp_QL65_.jpg
BUTABY Rectangle Sunglasses for Women Retro Driving,https://m.media-amazon.com/images/I/719G6MA0A8L._AC_UL480_FMwebp_QL65_.jpg
SOJOS Classic Square Sunglasses for Women Men with Spring Hinge Sunnies SJ1137,https://m.media-amazon.com/images/I/61OvsRHucQL._AC_UL480_FMwebp_QL65_.jpg
WearMe Pro - Reflective Lens Round Trendy Sunglasses,https://m.media-amazon.com/images/I/71U8Ot3tx+L._AC_UL480_FMwebp_QL65_.jpg
MERRY'S Unisex Polarized Aluminum Sunglasses,https://m.media-amazon.com/images/I/51X-dwiFqAL._AC_UL480_FMwebp_QL65_.jpg
Joopin Square Sunglasses Polarized UV Protection Trendy Designer Sun Glasses Men Women,https://m.media-amazon.com/images/I/519NQwNO96L._AC_UL480_FMwebp_QL65_.jpg
Eyegla Wholesale Sunglasses Bulk for Adults Party Favors Retro Classic Shades,https://m.media-amazon.com/images/I/71WcWVcKmnL._AC_UL480_FMwebp_QL65_.jpg
VANLINKER Thick Square Sunglasses for Men Women,https://m.media-amazon.com/images/I/51JKURQSTEL._AC_UL480_FMwebp_QL65_.jpg
KALIYADI Polarized Sunglasses for Men,https://m.media-amazon.com/images/I/61KQXq71FJL._AC_UL480_FMwebp_QL65_.jpg
SOJOS Classic Square Polarized Sunglasses for Women,https://m.media-amazon.com/images/I/61r36QSm+iL._AC_UL480_FMwebp_QL65_.jpg
Polarized Sports Sunglasses for Men,https://m.media-amazon.com/images/I/61wzlDnzmFL._AC_UL480_FMwebp_QL65_.jpg
"COSCO 20 x 48 Vinyl Top Folding Table Black",https://m.media-amazon.com/images/I/41CWXgRuGCL._AC_UL480_FMwebp_QL65_.jpg
"Folding Table,4ft Indoor Outdoor Heavy Duty Portable Folding Square Plastic Dining Table",https://m.media-amazon.com/images/I/51vYlQYxXxL._AC_UL480_FMwebp_QL65_.jpg
"Sweetcrispy Small Computer Office Desk 32 Inch Kids Student Study Writing Work with Storage Bag",https://m.media-amazon.com/images/I/71iMhXX9Q9L._AC_UL480_FMwebp_QL65_.jpg
"COSCO Molded Folding Banquet Table w/Handle, 6ft, Black",https://m.media-amazon.com/images/I/61o-HmSlBLL._AC_UL480_FMwebp_QL65_.jpg
"L Shaped Desk - 43 Inch Gaming Desk, Computer Corner Desk, Home Office Writing Desk",https://m.media-amazon.com/images/I/71Rx0-s00nL._AC_UL480_FMwebp_QL65_.jpg
"Folding Table 4 Foot Portable Heavy Duty Plastic Fold-in-Half Utility Table",https://m.media-amazon.com/images/I/51Uq2V-Dw0L._AC_UL480_FMwebp_QL65_.jpg
"HOOBRO End Table with Charging Station and USB Ports",https://m.media-amazon.com/images/I/71etoV72iAL._AC_UL480_FMwebp_QL65_.jpg
"STATESVILLE 32 inch Small Computer Desk Writing Study Work Office Table Modern Simple with Storage Bag",https://m.media-amazon.com/images/I/615t60-qErL._AC_UL480_FMwebp_QL65_.jpg
"SHW Home Office 32-Inch Computer Desk, Black",https://m.media-amazon.com/images/I/41wT18b9nJL._AC_UL480_FMwebp_QL65_.jpg
"HOOBRO Side Table, 3-Tier Narrow End Table, Nightstand with 2 Flat or Slant Adjustable Shelves for Small Spaces",https://m.media-amazon.com/images/I/71dLfRcfU5L._AC_UL480_FMwebp_QL65_.jpg
ZIUMIER Gaming Headset with Microphone,https://m.media-amazon.com/images/I/71nh1VxLzuL._AC_UY327_FMwebp_QL65_.jpg
EKSA E900 Headset with Microphone for PC,https://m.media-amazon.com/images/I/71N6Oge0ntL._AC_UY327_FMwebp_QL65_.jpg
Jabra Evolve 40 Professional Wired Headset,https://m.media-amazon.com/images/I/61apHvYK6GL._AC_UY327_FMwebp_QL65_.jpg
Logitech H390 Wired Headset for PC/Laptop,https://m.media-amazon.com/images/I/61jBnY6paeL._AC_UY327_FMwebp_QL65_.jpg
BENGOO G9000 Stereo Gaming Headset for PS4 PC Xbox One PS5 Controller,https://m.media-amazon.com/images/I/61CGHv6kmWL._AC_UY327_FMwebp_QL65_.jpg
"Gaming Headset for PC, PS4, PS5, Xbox Headset",https://m.media-amazon.com/images/I/712OyBPPL0L._AC_UY327_FMwebp_QL65_.jpg
"Headset wtih Mic, USB Headset with Microphone for PC",https://m.media-amazon.com/images/I/719zL67IK7L._AC_UY327_FMwebp_QL65_.jpg
Sony MDREX15AP In-Ear Earbud Headphones with Mic,https://m.media-amazon.com/images/I/61AZ9rCOSZL._AC_UY327_FMwebp_QL65_.jpg
LUDOS FEROX Wired Earbuds in-Ear Headphones,https://m.media-amazon.com/images/I/51HfzWPM6eL._AC_UY327_FMwebp_QL65_.jpg
ZEBRONICS Thunder Bluetooth 5.3 Wireless Over ear Headphones with 60H Backup,https://m.media-amazon.com/images/I/61smYWXWx9L._AC_UY218_.jpg
Rockerz 450 Black Panther Marvel Edition,https://www.boat-lifestyle.com/cdn/shop/products/450bp_600x.png
FIRSTBLOOD ONLY GAME. AJ52 Watcher RGB Gaming Mouse,https://m.media-amazon.com/images/I/51WaY1BLs8L._AC_UY327_FMwebp_QL65_.jpg
"Redragon M612 Predator RGB Gaming Mouse, 8000 DPI",https://m.media-amazon.com/images/I/61vF4LdktpL._AC_UY327_FMwebp_QL65_.jpg
Razer Basilisk V3 Customizable Ergonomic Gaming Mouse,https://m.media-amazon.com/images/I/71QbOWMcP9L._AC_UY327_FMwebp_QL65_.jpg
"Redragon Gaming Mouse, Wireless Mouse Gaming with 8000 DPI",https://m.media-amazon.com/images/I/61QY3V6A-NL._AC_UY327_FMwebp_QL65_.jpg
"BENGOO Gaming Mouse Wired, Ergonomic Gamer Laptop PC",https://m.media-amazon.com/images/I/61lCLrCtuhL._AC_UY327_FMwebp_QL65_.jpg
LTC Circle Pit HM-001 RGB Gaming Mouse with 2 Side Buttons,https://m.media-amazon.com/images/I/61kutmcYxSL._AC_UY327_FMwebp_QL65_.jpg
Razer Viper V2 Pro HyperSpeed Wireless Gaming Mouse,https://m.media-amazon.com/images/I/61PZvXc7UFL._AC_UY327_FMwebp_QL65_.jpg
Alienware AW720M Tri-Mode Wireless Gaming Mouse,https://m.media-amazon.com/images/I/61lZalbTWAL._AC_UY327_FMwebp_QL65_.jpg
Redgear A-15 Wired Gaming Mouse with Upto 6400 DPI,https://m.media-amazon.com/images/I/61MUoISbzjL._SX522_.jpg
Corsair K70 RGB PRO Wired Mechanical Gaming Keyboard,https://m.media-amazon.com/images/I/61Yupm5970L._AC_UY327_FMwebp_QL65_.jpg
MageGee Portable 60% Mechanical Gaming Keyboard,https://m.media-amazon.com/images/I/618zZ7u3sUL.__AC_SX300_SY300_QL70_FMwebp_.jpg
Womier S-K80 75% Keyboard with Color Multimedia Display Mechanical Gaming Keyboard,https://m.media-amazon.com/images/I/71WBwf2mkXL._AC_UY327_FMwebp_QL65_.jpg
Redragon S101 Gaming Keyboard,https://m.media-amazon.com/images/I/71QDJHG1PqL._AC_UY327_FMwebp_QL65_.jpg
Razer Ornata V3 X Gaming Keyboard,https://m.media-amazon.com/images/I/71pqfvJKW5L._AC_UY327_FMwebp_QL65_.jpg
Corsair K55 CORE RGB Membrane Wired Gaming Keyboard,https://m.media-amazon.com/images/I/71rcQyKSOcL._AC_UY327_FMwebp_QL65_.jpg
AULA Gaming Keyboard,https://m.media-amazon.com/images/I/71cd3Qs3fEL._AC_UY327_FMwebp_QL65_.jpg
MageGee 75% Mechanical Gaming Keyboard with Blue Switch,https://m.media-amazon.com/images/I/61eavECexVL._AC_UY327_FMwebp_QL65_.jpg
Snpurdiri 60% Wired Gaming Keyboard,https://m.media-amazon.com/images/I/61UGJ7z-sUL._AC_UY327_FMwebp_QL65_.jpg
Redragon K585 DITI One-Handed RGB Mechanical Gaming Keyboard,https://m.media-amazon.com/images/I/71zS0BekOfL._AC_UY327_FMwebp_QL65_.jpg
Creative Farmer Fruit Seeds,https://m.media-amazon.com/images/I/513SGvOptJL._AC_UL480_FMwebp_QL65_.jpg
MVKR - Live Red Apple fruit Plant This Varity is Supporting all india weather,https://m.media-amazon.com/images/I/41nswQESVVL._AC_UL480_FMwebp_QL65_.jpg
GARDENIFY INDIA F1 ALPINE HYBRIDE FRESH RED APPLE SEEDS/FRUITS SEEDS,https://m.media-amazon.com/images/I/51FLUURf1kL._AC_UL480_FMwebp_QL65_.jpg
Green view Original All India Weather Supporting Live Apple Fruit,https://m.media-amazon.com/images/I/414LGHqG4vL._AC_UL480_FMwebp_QL65_.jpg
Natura GreenHouse NMK-01 Custard Apple,https://m.media-amazon.com/images/I/41HC1r-JCqL._AC_UL480_FMwebp_QL65_.jpg
Stylish Bracelet For Men Leather Bracelet,https://m.media-amazon.com/images/I/710D-t-2LrL._AC_UL480_FMwebp_QL65_.jpg
6 PCs Mixed Multi-Layer Genuine Leather Bracelet,https://m.media-amazon.com/images/I/51RCyVOxVIL._AC_UL480_FMwebp_QL65_.jpg
Men's Fashion Jewellery High Polished Stylish Stainless,https://m.media-amazon.com/images/I/61vfipvWkLL._AC_UL480_FMwebp_QL65_.jpg
Stylish Boys Bracelet Stainless Steel Beads Silver Chain,https://m.media-amazon.com/images/I/71d2fcBxEjL._AC_UL480_FMwebp_QL65_.jpg
Bracelets for Girls and Boys | Leather Bracelet for Girls,https://m.media-amazon.com/images/I/51c1rR4CbOL._AC_UL480_FMwebp_QL65_.jpg
Men's Fashion Jewellery Combo Pack of 4 Stainless Steel Solid,https://m.media-amazon.com/images/I/61GHkfAZMRL._AC_UL480_FMwebp_QL65_.jpg
Men's Jewellery Black Silver Chain For Men Boys,https://m.media-amazon.com/images/I/612xOm1X6LL._AC_UL480_FMwebp_QL65_.jpg
Men's Jewellery 3D Cuboid Vertical Bar/Stick Stainless,https://m.media-amazon.com/images/I/51QCXW-lhxL._AC_UL480_FMwebp_QL65_.jpg
LION KING HEAD - Alloy Pendant with Stainless Steel,https://m.media-amazon.com/images/I/71t26JUbTXL._AC_UL480_FMwebp_QL65_.jpg
Bamboo Socks for Men,https://m.media-amazon.com/images/I/81pdj8cq70L._SX679_.jpg
Bamboo Crew Socks for Men,https://m.media-amazon.com/images/I/81kYos-YtGL._SX679_.jpg
Rio Premium Cotton Ankle Socks for Men and Women,https://m.media-amazon.com/images/I/81FTipXrZIL._SX679_.jpg
Bamboo Socks for Men,https://m.media-amazon.com/images/I/91imPb7haXL._SX679_.jpg
12 Pairs Solid Cotton Ankle Length Socks for Men,https://m.media-amazon.com/images/I/81TRdxk1wnL._SY741_.jpg
Polyester 5 Pairs Solid Ankle Length Socks For Men,https://m.media-amazon.com/images/I/A10JGz2JOZL._AC_UL480_FMwebp_QL65_.jpg
Mens Cotton Ankle Length Socks (Pack of 3) Dark Grey,https://m.media-amazon.com/images/I/51P0U7RknsL._AC_UL480_FMwebp_QL65_.jpg
Sports Ankle Cotton Socks | Free Size,https://m.media-amazon.com/images/I/81SEVBzTWhL._AC_UL480_FMwebp_QL65_.jpg
Ankle Socks for Men & Women,https://m.media-amazon.com/images/I/81CdTxYMb5L._AC_UL480_FMwebp_QL65_.jpg
5 Pairs Cotton Sports Ankle Socks for Men,https://m.media-amazon.com/images/I/61Ikv+ZkHnL._AC_UL480_FMwebp_QL65_.jpg
Navy Dotted Tie For Men,https://m.media-amazon.com/images/I/61FBnxZnSKL._AC_UL480_FMwebp_QL65_.jpg
Pasiley Tie For Men,https://m.media-amazon.com/images/I/61gAw323f6L._AC_UL480_FMwebp_QL65_.jpg
Floral Tie For Men,https://m.media-amazon.com/images/I/61JqlaY97SL._AC_UL480_FMwebp_QL65_.jpg
Men's Black Neck Tie Matte Finish Microfiber Formal Gift,https://m.media-amazon.com/images/I/715ZdQrugkL._AC_UL480_FMwebp_QL65_.jpg
Leader Spyder 27.5T MTB Cycle/Bike,https://m.media-amazon.com/images/I/81y9uUq1lnL._AC_UY327_FMwebp_QL65_.jpg
Leader Scout MTB 26T Mountain Bicycle/Bike,https://m.media-amazon.com/images/I/81wGn2TQJeL._AC_UY327_FMwebp_QL65_.jpg
Urban Terrain Galaxy Pro High Performance Mountain Cycles,https://m.media-amazon.com/images/I/61Z2ibSEOxL._AC_UY327_FMwebp_QL65_.jpg
Urban Terrain Galaxy High Performance Mountain Cycles,https://m.media-amazon.com/images/I/61QWH8VYIuL._AC_UY327_FMwebp_QL65_.jpg
Avon Buke Bicycles Thrust 26T MTB Cycle for Adults,https://m.media-amazon.com/images/I/61arPQZLNML._AC_UY327_FMwebp_QL65_.jpg
Amitasha Pull Back Motorbike High-Speed Racing Bike,https://m.media-amazon.com/images/I/41FpPQlmcfL._AC_UL480_FMwebp_QL65_.jpg
Baybee R7 Battery Operated Bike for Kids,https://m.media-amazon.com/images/I/71BXLqma3BL._AC_UL480_FMwebp_QL65_.jpg
GORMERY 1/12 Scale Model Compatible with Kawasaki,https://m.media-amazon.com/images/I/41zDXFipUmL.jpg
Nexus Product Bike for Kids Toy R3 Bike,https://m.media-amazon.com/images/I/71HxhWJlzaL._AC_UL480_FMwebp_QL65_.jpg
PLUSPOINT Diecast Motorcycle Toy Ducati Bike,https://m.media-amazon.com/images/I/71NNd7bV8PL._AC_UL480_FMwebp_QL65_.jpg
uppercase Medium 23 Ltrs Tall Boy (14.6 inch) Laptop Backpack,https://m.media-amazon.com/images/I/61373tSdppL._AC_UY218_.jpg
Skybags Casual Backpack 28L,https://m.media-amazon.com/images/I/71U-5XbfSWL._AC_UY218_.jpg
Safari Omega spacious/large laptop backpack with Raincover,https://m.media-amazon.com/images/I/71maWXZscfL._AC_UY218_.jpg
BIGBERRY Newage Rodeo 28 Ltrs leatherite/faux leather Backpack,https://m.media-amazon.com/images/I/813BY8cbW8L._AC_UY218_.jpg
Impulse EmpowerElite 25L Unisex Water Resistant Travel Laptop Backpack,https://m.media-amazon.com/images/I/316YV-DXmFL._AC_UY218_.jpg
WildHorn 31L Laptop Backpack for Men/Women,https://m.media-amazon.com/images/I/81twmbR442L._AC_UL320_.jpg
Amazon Basics Office Computer Task Desk Chair with Padded Armrests,https://m.media-amazon.com/images/I/71GvW1qrUYL._AC_SX679_.jpg
Duramont Ergonomic Office Chair,https://m.media-amazon.com/images/I/61NKBZLoUtL._AC_UL480_FMwebp_QL65_.jpg
HON Scatter Side Chair,https://m.media-amazon.com/images/I/715EO96d4pL._AC_UL480_FMwebp_QL65_.jpg
Home Office Chair Ergonomic,https://m.media-amazon.com/images/I/716tq9Y8WOL._AC_UL480_FMwebp_QL65_.jpg
FurnitureR Dining Chairs Set of 4,https://m.media-amazon.com/images/I/61wRnJpmKsL._AC_UL480_FMwebp_QL65_.jpg
Faux Fur Saucer Chair,https://m.media-amazon.com/images/I/51NfVF9RhzL._AC_UL480_FMwebp_QL65_.jpg
GTPLAYER Gaming Chair,https://m.media-amazon.com/images/I/71WvJeaS4PL._AC_UL480_FMwebp_QL65_.jpg
OLIXIS Cross Legged Armless Wide Adjustable Swivel Padded Home Office Desk Chair,https://m.media-amazon.com/images/I/81QfAot46SL._AC_SX679_.jpg
COLAMY PU Leather Dining Chairs Set of 2,https://m.media-amazon.com/images/I/61nSeLFfOvL._AC_UL480_FMwebp_QL65_.jpg
Sweetcrispy Armless Office Chair Cute Desk Chair,https://m.media-amazon.com/images/I/71GTqd5NbbL._AC_UL480_FMwebp_QL65_.jpg
POLY & BARK Isla Modern Kitchen Chairs Set of 4,https://m.media-amazon.com/images/I/71jERm+78-L._AC_UL480_FMwebp_QL65_.jpg
YSSOA Gaming Chair,https://m.media-amazon.com/images/I/81Yud-f1tkL._AC_SX679_.jpg
OSP Home Furnishings Wicker Papasan Chair,https://m.media-amazon.com/images/I/81BNLNp0wKL._AC_UL480_FMwebp_QL65_.jpg
Mimoglad Office Chair,https://m.media-amazon.com/images/I/711fWqiV1kL._AC_UL480_FMwebp_QL65_.jpg
Dowinx Gaming Chair Fabric with Pocket Spring Cushion,https://m.media-amazon.com/images/I/71wTMO+iQIL._AC_UL480_FMwebp_QL65_.jpg
Nouhaus Ergonomic Office Chair Premium Microfiber,https://m.media-amazon.com/images/I/714dgnDWZlL._AC_UL480_FMwebp_QL65_.jpg
Executive Office Chair,https://m.media-amazon.com/images/I/61dBNugXpFL._AC_UL480_FMwebp_QL65_.jpg
Home Office Chair Work Desk Chair Comfort Ergonomic,https://m.media-amazon.com/images/I/71gfQm3utTL._AC_UL480_FMwebp_QL65_.jpg
Office Desk Chair Big and Tall Executive Office Chair,https://m.media-amazon.com/images/I/61+i2MDZA3L._AC_UL480_FMwebp_QL65_.jpg
Armless Home Office Desk Chair with Wheels,https://m.media-amazon.com/images/I/511cZTveX1L._AC_UL480_FMwebp_QL65_.jpg





Top,https://i.pinimg.com/originals/2e/88/a5/2e88a52be17ccbce0306aae0a295138c.jpg
Watch,https://w7.pngwing.com/pngs/566/206/png-transparent-watch-strap-clock-luxury-watch-blue-watch-accessory-accessories-thumbnail.png
Headphones,https://w7.pngwing.com/pngs/68/524/png-transparent-red-wireless-headphones-wearing-headphones-red-headphones.png
Top,https://w7.pngwing.com/pngs/695/311/png-transparent-t-shirt-hoodie-polo-shirt-tshirt-tshirt-active-shirt-jersey-thumbnail.png
Shirt,https://5.imimg.com/data5/SELLER/Default/2024/3/403307857/OC/DE/TP/191161900/safeimagekit-resized-img-2024-03-22t152604-927-500x500.png
Top,https://img.lovepik.com/element/45007/9562.png_860.png
Shoe,https://www.lakhanifootwear.com/media/wysiwyg/touch-shoes.png
Top,https://m.media-amazon.com/images/I/61sqPYyp-AL._AC_UY1100_.jpg
Watch,https://image.similarpng.com/very-thumbnail/2020/07/Realistic-red-grey-watch-clock-chronograph-vector-PNG.png
Shoe,https://e7.pngegg.com/pngimages/928/628/png-clipart-sneakers-skate-shoe-puma-sportswear-puma-white-suede.png
Top,https://image.similarpng.com/very-thumbnail/2020/08/White-t-shirt-print-on-transparent-background-PNG.png
Watch,https://www.pngall.com/wp-content/uploads/2016/04/Watch-PNG-Pic.png
Shirt,https://m.media-amazon.com/images/I/51zkKVzqlcL._SX522_.jpg
Headphones,https://prod4-sprcdn-assets.sprinklr.com/200052/923d30e3-be94-4ac9-941f-1584cad661c5-720536175/Screenshot_2023-06-20_162946-r.png
Top,https://img.lovepik.com/element/45007/9556.png_860.png
Shirt,https://m.media-amazon.com/images/I/51RthiG0RFL._SY679_.jpg
Shoe,https://i.pinimg.com/736x/b8/fe/48/b8fe489ac5063b7a226bd9be14ec076a.jpg
Headphones,https://5.imimg.com/data5/GE/RC/MY-63560896/jbl-headphones-t450bt.png
Top,https://5.imimg.com/data5/SELLER/Default/2023/2/GV/ST/II/15179356/naruto-anime-unisex-printed-tshirt.png
Shirt,https://m.media-amazon.com/images/I/71On2XSPuRL._SY741_.jpg
Top,https://static.vecteezy.com/system/resources/previews/022/507/112/original/harajuku-cartoon-anime-naruto-pain-t-shirts-free-png.png
Shirt,https://m.media-amazon.com/images/I/71z2V6TgeoL._SX679_.jpg
Shoe,https://5.imimg.com/data5/FU/AY/DI/SELLER-38458293/smlblu.png
Headphones,https://w7.pngwing.com/pngs/369/385/png-transparent-noise-cancelling-headphones-bose-quietcomfort-35-active-noise-control-headphones-electronics-bluetooth-electronic-device.png
Bracelet,https://static.vecteezy.com/system/resources/thumbnails/011/222/102/small/stylish-bracelet-to-wear-on-hand-free-png.png
Bracelet,https://images.creativefabrica.com/products/previews/2024/01/17/ygSMzApF2/2b5zXJ72OVFTK37IajSU3H9Rh5O-mobile.jpg
Bracelet,https://image.similarpng.com/very-thumbnail/2020/10/Golden-bracelet-jewelry-on-transparent-background-PNG.png
Bottle,https://img.freepik.com/free-photo/photorealistic-water-bottle_23-2151049030.jpg
Bottle,https://i.pinimg.com/736x/df/1e/a3/df1ea3527bb285b2a0b4a6e61a6ba9ad.jpg
Sunglasses,https://m.media-amazon.com/images/I/51wwVl2r-WL._SX679_.jpg
Sunglasses,https://m.media-amazon.com/images/I/51-a2L6DsIS._SX679_.jpg
Mobile phone,https://m.media-amazon.com/images/I/315vs3rLEZL._SY445_SX342_QL70_FMwebp_.jpg
Mobile phone,https://m.media-amazon.com/images/I/411iWoJEJjL._SX300_SY300_QL70_FMwebp_.jpg
Mobile phone,https://m.media-amazon.com/images/I/41o61kBDGdL._SX300_SY300_QL70_FMwebp_.jpg
Television,https://m.media-amazon.com/images/I/41D3CoMhLBL._SY300_SX300_QL70_FMwebp_.jpg
Television,https://m.media-amazon.com/images/I/41Hpcql9FeL._SY300_SX300_QL70_FMwebp_.jpg
Sunglasses,https://m.media-amazon.com/images/I/51wwVl2r-WL._SX679_.jpg
Sunglasses,https://m.media-amazon.com/images/I/51-a2L6DsIS._SX679_.jpg
Mobile phone,https://m.media-amazon.com/images/I/315vs3rLEZL._SY445_SX342_QL70_FMwebp_.jpg
Mobile phone,https://m.media-amazon.com/images/I/411iWoJEJjL._SX300_SY300_QL70_FMwebp_.jpg
Mobile phone,https://m.media-amazon.com/images/I/41o61kBDGdL._SX300_SY300_QL70_FMwebp_.jpg
Television,https://m.media-amazon.com/images/I/41D3CoMhLBL._SY300_SX300_QL70_FMwebp_.jpg
Television,https://m.media-amazon.com/images/I/41J89vk0tyL._SX300_SY300_QL70_FMwebp_.jpg
Sunglasses,https://m.media-amazon.com/images/I/41bzTrqQByL._SX679_.jpg
Sunglasses,https://m.media-amazon.com/images/I/51-a2L6DsIS._SX679_.jpg
Mobile phone,https://m.media-amazon.com/images/I/315vs3rLEZL._SY445_SX342_QL70_FMwebp_.jpg
Mobile phone,https://m.media-amazon.com/images/I/411iWoJEJjL._SX300_SY300_QL70_FMwebp_.jpg
Mobile phone,https://m.media-amazon.com/images/I/41o61kBDGdL._SX300_SY300_QL70_FMwebp_.jpg
Television,https://m.media-amazon.com/images/I/41D3CoMhLBL._SY300_SX300_QL70_FMwebp_.jpg
Television,https://m.media-amazon.com/images/I/41IDlGFjjbL._SY300_SX300_QL70_FMwebp_.jpg
Top,https://i.pinimg.com/originals/2e/88/a5/2e88a52be17ccbce0306aae0a295138c.jpg
Watch,https://w7.pngwing.com/pngs/566/206/png-transparent-watch-strap-clock-luxury-watch-blue-watch-accessory-accessories-thumbnail.png
Headphones,https://w7.pngwing.com/pngs/68/524/png-transparent-red-wireless-headphones-wearing-headphones-red-headphones.png
Top,https://w7.pngwing.com/pngs/695/311/png-transparent-t-shirt-hoodie-polo-shirt-tshirt-tshirt-active-shirt-jersey-thumbnail.png
Shirt,https://5.imimg.com/data5/SELLER/Default/2024/3/403307857/OC/DE/TP/191161900/safeimagekit-resized-img-2024-03-22t152604-927-500x500.png
Top,https://img.lovepik.com/element/45007/9562.png_860.png
Shoe,https://www.lakhanifootwear.com/media/wysiwyg/touch-shoes.png
Top,https://m.media-amazon.com/images/I/61sqPYyp-AL._AC_UY1100_.jpg
Watch,https://image.similarpng.com/very-thumbnail/2020/07/Realistic-red-grey-watch-clock-chronograph-vector-PNG.png
Shoe,https://e7.pngegg.com/pngimages/928/628/png-clipart-sneakers-skate-shoe-puma-sportswear-puma-white-suede.png
Top,https://image.similarpng.com/very-thumbnail/2020/08/White-t-shirt-print-on-transparent-background-PNG.png
Watch,https://www.pngall.com/wp-content/uploads/2016/04/Watch-PNG-Pic.png
Shirt,https://m.media-amazon.com/images/I/51zkKVzqlcL._SX522_.jpg
Headphones,https://prod4-sprcdn-assets.sprinklr.com/200052/923d30e3-be94-4ac9-941f-1584cad661c5-720536175/Screenshot_2023-06-20_162946-r.png
Top,https://img.lovepik.com/element/45007/9556.png_860.png
Shirt,https://m.media-amazon.com/images/I/51RthiG0RFL._SY679_.jpg
Shoe,https://i.pinimg.com/736x/b8/fe/48/b8fe489ac5063b7a226bd9be14ec076a.jpg
Headphones,https://5.imimg.com/data5/GE/RC/MY-63560896/jbl-headphones-t450bt.png
Top,https://5.imimg.com/data5/SELLER/Default/2023/2/GV/ST/II/15179356/naruto-anime-unisex-printed-tshirt.png
Shirt,https://m.media-amazon.com/images/I/71On2XSPuRL._SY741_.jpg
Top,https://static.vecteezy.com/system/resources/previews/022/507/112/original/harajuku-cartoon-anime-naruto-pain-t-shirts-free-png.png
Shirt,https://m.media-amazon.com/images/I/71z2V6TgeoL._SX679_.jpg
Shoe,https://5.imimg.com/data5/FU/AY/DI/SELLER-38458293/smlblu.png
Headphones,https://w7.pngwing.com/pngs/369/385/png-transparent-noise-cancelling-headphones-bose-quietcomfort-35-active-noise-control-headphones-electronics-bluetooth-electronic-device.png
Bracelet,https://static.vecteezy.com/system/resources/thumbnails/011/222/102/small/stylish-bracelet-to-wear-on-hand-free-png.png
Bracelet,https://images.creativefabrica.com/products/previews/2024/01/17/ygSMzApF2/2b5zXJ72OVFTK37IajSU3H9Rh5O-mobile.jpg
Bracelet,https://image.similarpng.com/very-thumbnail/2020/10/Golden-bracelet-jewelry-on-transparent-background-PNG.png
Bottle,https://img.freepik.com/free-photo/photorealistic-water-bottle_23-2151049030.jpg
Bottle,https://i.pinimg.com/736x/df/1e/a3/df1ea3527bb285b2a0b4a6e61a6ba9ad.jpg
Sunglasses,https://m.media-amazon.com/images/I/51wwVl2r-WL._SX679_.jpg
Sunglasses,https://m.media-amazon.com/images/I/51-a2L6DsIS._SX679_.jpg
Mobile phone,https://m.media-amazon.com/images/I/315vs3rLEZL._SY445_SX342_QL70_FMwebp_.jpg
Mobile phone,https://m.media-amazon.com/images/I/411iWoJEJjL._SX300_SY300_QL70_FMwebp_.jpg
Mobile phone,https://m.media-amazon.com/images/I/41o61kBDGdL._SX300_SY300_QL70_FMwebp_.jpg
Television,https://m.media-amazon.com/images/I/41D3CoMhLBL._SY300_SX300_QL70_FMwebp_.jpg
Television,https://m.media-amazon.com/images/I/41Hpcql9FeL._SY300_SX300_QL70_FMwebp_.jpg
Sunglasses,https://m.media-amazon.com/images/I/51wwVl2r-WL._SX679_.jpg
Sunglasses,https://m.media-amazon.com/images/I/51-a2L6DsIS._SX679_.jpg
Mobile phone,https://m.media-amazon.com/images/I/315vs3rLEZL._SY445_SX342_QL70_FMwebp_.jpg
Mobile phone,https://m.media-amazon.com/images/I/411iWoJEJjL._SX300_SY300_QL70_FMwebp_.jpg
Mobile phone,https://m.media-amazon.com/images/I/41o61kBDGdL._SX300_SY300_QL70_FMwebp_.jpg
Television,https://m.media-amazon.com/images/I/41D3CoMhLBL._SY300_SX300_QL70_FMwebp_.jpg
Television,https://m.media-amazon.com/images/I/41J89vk0tyL._SX300_SY300_QL70_FMwebp_.jpg
Sunglasses,https://m.media-amazon.com/images/I/41bzTrqQByL._SX679_.jpg
Sunglasses,https://m.media-amazon.com/images/I/51-a2L6DsIS._SX679_.jpg
Mobile phone,https://m.media-amazon.com/images/I/315vs3rLEZL._SY445_SX342_QL70_FMwebp_.jpg
Mobile phone,https://m.media-amazon.com/images/I/411iWoJEJjL._SX300_SY300_QL70_FMwebp_.jpg
Mobile phone,https://m.media-amazon.com/images/I/41o61kBDGdL._SX300_SY300_QL70_FMwebp_.jpg
Television,https://m.media-amazon.com/images/I/41D3CoMhLBL._SY300_SX300_QL70_FMwebp_.jpg
Television,https://m.media-amazon.com/images/I/41IDlGFjjbL._SY300_SX300_QL70_FMwebp_.jpg

